Data;IdBuilding;IndividualAddress;GroupAddress;TelegramType;Value;ValueType;Description
2019-02-22 12:27:53.3233333;1;3.1.6;2/2/0;write      ;-33429.7;W;Produzione totale fotovoltaico
2019-02-22 12:28:56.4000000;1;3.1.201;2/0/3;write      ;35.68625;%;C1/0/M102 Umidità
2019-02-22 12:29:37.1766667;1;3.2.202;2/0/0;write      ;400.96;ppm;C1/0/M101 CO2
2019-02-22 12:30:21.9333333;1;3.3.201;2/1/8;write      ;36.86272;%;C1/0/U105 Umidità
2019-02-22 12:31:23.4800000;1;3.3.202;2/1/0;write      ;536.96;ppm;C1/0/U101 C02
2019-02-22 12:31:26.9666667;1;3.3.201;2/1/10;write      ;24;C°;C1/0/U105 Temperatura
2019-02-22 12:31:41.1866667;1;3.2.202;2/0/2;write      ;29.8039;%;C1/0/M101 Umidità
2019-02-22 12:32:18.0400000;1;3.3.201;2/1/1;write      ;813.44;ppm;C1/0/U105 C02
2019-02-22 12:32:31.5866667;1;3.1.201;2/0/5;write      ;22.42;C°;C1/0/M102 TEMP
2019-02-22 12:33:02.5433333;1;3.3.202;2/1/9;write      ;24;C°;C1/0/U101 Temperatura
2019-02-22 12:33:37.6466667;1;3.1.201;2/0/1;write      ;601.92;ppm;C1/0/M102 CO2
2019-02-22 12:33:46.2266667;1;3.2.202;2/0/4;write      ;24.04;C°;C1/0/M101 TEMP
2019-02-22 12:36:27.6833333;1;3.3.202;2/1/7;write      ;33.72547;%;C1/0/U101 Umidità
2019-02-22 12:37:52.9033333;1;3.1.6;2/2/0;write      ;-33189.9;W;Produzione totale fotovoltaico
2019-02-22 12:38:56.7333333;1;3.1.201;2/0/3;write      ;34.90194;%;C1/0/M102 Umidità
2019-02-22 12:39:37.4100000;1;3.2.202;2/0/0;write      ;414.72;ppm;C1/0/M101 CO2
2019-02-22 12:40:22.2700000;1;3.3.201;2/1/8;write      ;36.86272;%;C1/0/U105 Umidità
2019-02-22 12:41:23.6866667;1;3.3.202;2/1/0;write      ;641.92;ppm;C1/0/U101 C02
2019-02-22 12:41:27.3133333;1;3.3.201;2/1/10;write      ;24.08;C°;C1/0/U105 Temperatura
2019-02-22 12:41:41.2600000;1;3.2.202;2/0/2;write      ;29.8039;%;C1/0/M101 Umidità
2019-02-22 12:42:18.4200000;1;3.3.201;2/1/1;write      ;875.52;ppm;C1/0/U105 C02
2019-02-22 12:42:31.8900000;1;3.1.201;2/0/5;write      ;22.5;C°;C1/0/M102 TEMP
2019-02-22 12:43:02.7066667;1;3.3.202;2/1/9;write      ;24.08;C°;C1/0/U101 Temperatura
2019-02-22 12:43:37.8466667;1;3.1.201;2/0/1;write      ;670.72;ppm;C1/0/M102 CO2
2019-02-22 12:43:46.2900000;1;3.2.202;2/0/4;write      ;24.06;C°;C1/0/M101 TEMP
2019-02-22 12:46:27.8166667;1;3.3.202;2/1/7;write      ;33.72547;%;C1/0/U101 Umidità
2019-02-22 12:47:52.4733333;1;3.1.6;2/2/0;write      ;-33254.31;W;Produzione totale fotovoltaico
2019-02-22 12:48:56.9700000;1;3.1.201;2/0/3;write      ;35.68625;%;C1/0/M102 Umidità
2019-02-22 12:49:37.3533333;1;3.2.202;2/0/0;write      ;392;ppm;C1/0/M101 CO2
2019-02-22 12:50:22.3833333;1;3.3.201;2/1/8;write      ;36.86272;%;C1/0/U105 Umidità
2019-02-22 12:51:23.9300000;1;3.3.202;2/1/0;write      ;540.8;ppm;C1/0/U101 C02
2019-02-22 12:51:27.3633333;1;3.3.201;2/1/10;write      ;24.14;C°;C1/0/U105 Temperatura
2019-02-22 12:51:41.2333333;1;3.2.202;2/0/2;write      ;29.8039;%;C1/0/M101 Umidità
2019-02-22 12:52:18.3266667;1;3.3.201;2/1/1;write      ;801.92;ppm;C1/0/U105 C02
2019-02-22 12:52:32.0266667;1;3.1.201;2/0/5;write      ;22.56;C°;C1/0/M102 TEMP
2019-02-22 12:53:02.9300000;1;3.3.202;2/1/9;write      ;24.1;C°;C1/0/U101 Temperatura
2019-02-22 12:53:38.0633333;1;3.1.201;2/0/1;write      ;656;ppm;C1/0/M102 CO2
2019-02-22 12:53:46.2433333;1;3.2.202;2/0/4;write      ;24.06;C°;C1/0/M101 TEMP
2019-02-22 12:56:27.9900000;1;3.3.202;2/1/7;write      ;33.72547;%;C1/0/U101 Umidità
2019-02-22 12:57:52.0866667;1;3.1.6;2/2/0;write      ;-33377.66;W;Produzione totale fotovoltaico
2019-02-22 12:58:57.1600000;1;3.1.201;2/0/3;write      ;35.68625;%;C1/0/M102 Umidità
2019-02-22 12:59:37.3566667;1;3.2.202;2/0/0;write      ;384.96;ppm;C1/0/M101 CO2
2019-02-22 13:00:22.4033333;1;3.3.201;2/1/8;write      ;36.86272;%;C1/0/U105 Umidità
2019-02-22 13:01:24.0533333;1;3.3.202;2/1/0;write      ;466.88;ppm;C1/0/U101 C02
2019-02-22 13:01:27.4266667;1;3.3.201;2/1/10;write      ;24.18;C°;C1/0/U105 Temperatura
2019-02-22 13:01:41.2400000;1;3.2.202;2/0/2;write      ;29.8039;%;C1/0/M101 Umidità
2019-02-22 13:02:18.4800000;1;3.3.201;2/1/1;write      ;773.76;ppm;C1/0/U105 C02
2019-02-22 13:02:32.1933333;1;3.1.201;2/0/5;write      ;22.58;C°;C1/0/M102 TEMP
2019-02-22 13:03:03.0666667;1;3.3.202;2/1/9;write      ;24.16;C°;C1/0/U101 Temperatura
2019-02-22 13:03:38.2033333;1;3.1.201;2/0/1;write      ;661.76;ppm;C1/0/M102 CO2
2019-02-22 13:03:46.1966667;1;3.2.202;2/0/4;write      ;24.06;C°;C1/0/M101 TEMP
2019-02-22 13:04:12.2766667;1;3.1.201;2/0/3;write      ;36.86272;%;C1/0/M102 Umidità
2019-02-22 13:06:28.1100000;1;3.3.202;2/1/7;write      ;33.72547;%;C1/0/U101 Umidità
2019-02-22 13:06:42.2800000;1;3.1.201;2/0/3;write      ;39.99997;%;C1/0/M102 Umidità
2019-02-22 13:06:57.3200000;1;3.1.201;2/0/3;write      ;37.64703;%;C1/0/M102 Umidità
2019-02-22 13:07:27.2866667;1;3.1.201;2/0/3;write      ;39.99997;%;C1/0/M102 Umidità
2019-02-22 13:07:42.2933333;1;3.1.201;2/0/3;write      ;37.64703;%;C1/0/M102 Umidità
2019-02-22 13:07:51.6600000;1;3.1.6;2/2/0;write      ;-32714.98;W;Produzione totale fotovoltaico
2019-02-22 13:07:57.3633333;1;3.1.201;2/0/3;write      ;39.99997;%;C1/0/M102 Umidità
2019-02-22 13:08:42.4633333;1;3.1.201;2/0/3;write      ;37.64703;%;C1/0/M102 Umidità
2019-02-22 13:08:57.4633333;1;3.1.201;2/0/3;write      ;39.99997;%;C1/0/M102 Umidità
2019-02-22 13:09:27.4500000;1;3.1.201;2/0/3;write      ;37.64703;%;C1/0/M102 Umidità
2019-02-22 13:09:37.1633333;1;3.2.202;2/0/0;write      ;380.8;ppm;C1/0/M101 CO2
2019-02-22 13:10:22.7866667;1;3.3.201;2/1/8;write      ;36.86272;%;C1/0/U105 Umidità
2019-02-22 13:11:24.3500000;1;3.3.202;2/1/0;write      ;400;ppm;C1/0/U101 C02
2019-02-22 13:11:27.8266667;1;3.3.201;2/1/10;write      ;24.2;C°;C1/0/U105 Temperatura
2019-02-22 13:11:41.1600000;1;3.2.202;2/0/2;write      ;29.8039;%;C1/0/M101 Umidità
2019-02-22 13:11:57.6033333;1;3.1.201;2/0/3;write      ;35.68625;%;C1/0/M102 Umidità
2019-02-22 13:12:18.8566667;1;3.3.201;2/1/1;write      ;704.64;ppm;C1/0/U105 C02
2019-02-22 13:12:32.5500000;1;3.1.201;2/0/5;write      ;22.62;C°;C1/0/M102 TEMP
2019-02-22 13:13:03.4066667;1;3.3.202;2/1/9;write      ;24.16;C°;C1/0/U101 Temperatura
2019-02-22 13:13:38.6366667;1;3.1.201;2/0/1;write      ;576.96;ppm;C1/0/M102 CO2
2019-02-22 13:13:46.1100000;1;3.2.202;2/0/4;write      ;24.06;C°;C1/0/M101 TEMP
2019-02-22 13:14:58.1800000;1;3.3.201;2/1/10;write      ;24.22;C°;C1/0/U105 Temperatura
2019-02-22 13:16:28.4300000;1;3.3.202;2/1/7;write      ;33.72547;%;C1/0/U101 Umidità
2019-02-22 13:17:23.6566667;1;3.1.201;2/0/1;write      ;681.6;ppm;C1/0/M102 CO2
2019-02-22 13:17:51.2466667;1;3.1.6;2/2/0;write      ;-32747.01;W;Produzione totale fotovoltaico
2019-02-22 13:19:37.0600000;1;3.2.202;2/0/0;write      ;371.84;ppm;C1/0/M101 CO2
2019-02-22 13:20:23.1000000;1;3.3.201;2/1/8;write      ;35.68625;%;C1/0/U105 Umidità
2019-02-22 13:21:24.6966667;1;3.3.202;2/1/0;write      ;592;ppm;C1/0/U101 C02
2019-02-22 13:21:41.0166667;1;3.2.202;2/0/2;write      ;29.8039;%;C1/0/M101 Umidità
2019-02-22 13:21:57.6733333;1;3.1.201;2/0/3;write      ;35.68625;%;C1/0/M102 Umidità
2019-02-22 13:22:19.0833333;1;3.3.201;2/1/1;write      ;772.48;ppm;C1/0/U105 C02
2019-02-22 13:22:32.7166667;1;3.1.201;2/0/5;write      ;22.66;C°;C1/0/M102 TEMP
2019-02-22 13:23:03.5966667;1;3.3.202;2/1/9;write      ;24.12;C°;C1/0/U101 Temperatura
2019-02-22 13:23:45.9933333;1;3.2.202;2/0/4;write      ;24.08;C°;C1/0/M101 TEMP
2019-02-22 13:24:58.1700000;1;3.3.201;2/1/10;write      ;24.24;C°;C1/0/U105 Temperatura
2019-02-22 13:26:28.7900000;1;3.3.202;2/1/7;write      ;33.72547;%;C1/0/U101 Umidità
2019-02-22 13:27:23.9166667;1;3.1.201;2/0/1;write      ;693.76;ppm;C1/0/M102 CO2
2019-02-22 13:27:50.8400000;1;3.1.6;2/2/0;write      ;-31919.7;W;Produzione totale fotovoltaico
2019-02-22 13:29:37.0066667;1;3.2.202;2/0/0;write      ;379.84;ppm;C1/0/M101 CO2
2019-02-22 13:30:23.4633333;1;3.3.201;2/1/8;write      ;35.68625;%;C1/0/U105 Umidità
2019-02-22 13:31:24.8666667;1;3.3.202;2/1/0;write      ;537.92;ppm;C1/0/U101 C02
2019-02-22 13:31:40.9766667;1;3.2.202;2/0/2;write      ;29.8039;%;C1/0/M101 Umidità
2019-02-22 13:31:57.9766667;1;3.1.201;2/0/3;write      ;35.68625;%;C1/0/M102 Umidità
2019-02-22 13:32:19.4566667;1;3.3.201;2/1/1;write      ;724.48;ppm;C1/0/U105 C02
2019-02-22 13:32:32.9366667;1;3.1.201;2/0/5;write      ;22.64;C°;C1/0/M102 TEMP
2019-02-22 13:33:03.9200000;1;3.3.202;2/1/9;write      ;24.12;C°;C1/0/U101 Temperatura
2019-02-22 13:33:46.0033333;1;3.2.202;2/0/4;write      ;24.14;C°;C1/0/M101 TEMP
2019-02-22 13:34:58.5133333;1;3.3.201;2/1/10;write      ;24.24;C°;C1/0/U105 Temperatura
2019-02-22 13:36:28.9366667;1;3.3.202;2/1/7;write      ;32.94115;%;C1/0/U101 Umidità
2019-02-22 13:37:23.9900000;1;3.1.201;2/0/1;write      ;658.56;ppm;C1/0/M102 CO2
2019-02-22 13:37:50.4300000;1;3.1.6;2/2/0;write      ;-30950.92;W;Produzione totale fotovoltaico
2019-02-22 13:39:37.0033333;1;3.2.202;2/0/0;write      ;410.88;ppm;C1/0/M101 CO2
2019-02-22 13:40:23.6366667;1;3.3.201;2/1/8;write      ;34.90194;%;C1/0/U105 Umidità
2019-02-22 13:41:25.0166667;1;3.3.202;2/1/0;write      ;502.72;ppm;C1/0/U101 C02
2019-02-22 13:41:41.0066667;1;3.2.202;2/0/2;write      ;29.8039;%;C1/0/M101 Umidità
2019-02-22 13:41:58.1400000;1;3.1.201;2/0/3;write      ;35.68625;%;C1/0/M102 Umidità
2019-02-22 13:42:19.6800000;1;3.3.201;2/1/1;write      ;666.88;ppm;C1/0/U105 C02
2019-02-22 13:42:33.2066667;1;3.1.201;2/0/5;write      ;22.66;C°;C1/0/M102 TEMP
2019-02-22 13:43:04.1000000;1;3.3.202;2/1/9;write      ;24.16;C°;C1/0/U101 Temperatura
2019-02-22 13:43:45.9700000;1;3.2.202;2/0/4;write      ;24.24;C°;C1/0/M101 TEMP
2019-02-22 13:44:58.7266667;1;3.3.201;2/1/10;write      ;24.28;C°;C1/0/U105 Temperatura
2019-02-22 13:45:26.0566667;1;3.2.202;2/0/2;write      ;30.98037;%;C1/0/M101 Umidità
2019-02-22 13:46:29.0100000;1;3.3.202;2/1/7;write      ;32.94115;%;C1/0/U101 Umidità
2019-02-22 13:47:24.2600000;1;3.1.201;2/0/1;write      ;638.72;ppm;C1/0/M102 CO2
2019-02-22 13:47:50.0233333;1;3.1.6;2/2/0;write      ;-30425.33;W;Produzione totale fotovoltaico
2019-02-22 13:49:36.9300000;1;3.2.202;2/0/0;write      ;472;ppm;C1/0/M101 CO2
2019-02-22 13:50:23.7633333;1;3.3.201;2/1/8;write      ;34.90194;%;C1/0/U105 Umidità
2019-02-22 13:51:25.2900000;1;3.3.202;2/1/0;write      ;476.8;ppm;C1/0/U101 C02
2019-02-22 13:51:58.4500000;1;3.1.201;2/0/3;write      ;34.90194;%;C1/0/M102 Umidità
2019-02-22 13:52:19.7366667;1;3.3.201;2/1/1;write      ;621.76;ppm;C1/0/U105 C02
2019-02-22 13:52:33.4033333;1;3.1.201;2/0/5;write      ;22.68;C°;C1/0/M102 TEMP
2019-02-22 13:53:04.1333333;1;3.3.202;2/1/9;write      ;24.14;C°;C1/0/U101 Temperatura
2019-02-22 13:53:45.8900000;1;3.2.202;2/0/4;write      ;24.32;C°;C1/0/M101 TEMP
2019-02-22 13:54:58.8400000;1;3.3.201;2/1/10;write      ;24.34;C°;C1/0/U105 Temperatura
2019-02-22 13:55:25.9566667;1;3.2.202;2/0/2;write      ;30.98037;%;C1/0/M101 Umidità
2019-02-22 13:56:29.1633333;1;3.3.202;2/1/7;write      ;32.94115;%;C1/0/U101 Umidità
2019-02-22 13:57:24.5966667;1;3.1.201;2/0/1;write      ;617.92;ppm;C1/0/M102 CO2
2019-02-22 13:57:49.6133333;1;3.1.6;2/2/0;write      ;-28413.41;W;Produzione totale fotovoltaico
2019-02-22 13:59:36.9133333;1;3.2.202;2/0/0;write      ;469.76;ppm;C1/0/M101 CO2
2019-02-22 14:00:24.0700000;1;3.3.201;2/1/8;write      ;34.90194;%;C1/0/U105 Umidità
2019-02-22 14:01:25.4200000;1;3.3.202;2/1/0;write      ;464.96;ppm;C1/0/U101 C02
2019-02-22 14:01:58.8466667;1;3.1.201;2/0/3;write      ;34.90194;%;C1/0/M102 Umidità
2019-02-22 14:02:20.0733333;1;3.3.201;2/1/1;write      ;610.88;ppm;C1/0/U105 C02
2019-02-22 14:02:33.8766667;1;3.1.201;2/0/5;write      ;22.7;C°;C1/0/M102 TEMP
2019-02-22 14:03:04.3700000;1;3.3.202;2/1/9;write      ;24.18;C°;C1/0/U101 Temperatura
2019-02-22 14:03:45.9533333;1;3.2.202;2/0/4;write      ;24.38;C°;C1/0/M101 TEMP
2019-02-22 14:04:59.1166667;1;3.3.201;2/1/10;write      ;24.4;C°;C1/0/U105 Temperatura
2019-02-22 14:05:25.9200000;1;3.2.202;2/0/2;write      ;30.98037;%;C1/0/M101 Umidità
2019-02-22 14:06:29.6166667;1;3.3.202;2/1/7;write      ;33.72547;%;C1/0/U101 Umidità
2019-02-22 14:07:25.0533333;1;3.1.201;2/0/1;write      ;589.76;ppm;C1/0/M102 CO2
2019-02-22 14:07:49.2033333;1;3.1.6;2/2/0;write      ;-27270.73;W;Produzione totale fotovoltaico
2019-02-22 14:09:36.9300000;1;3.2.202;2/0/0;write      ;418.88;ppm;C1/0/M101 CO2
2019-02-22 14:10:24.1866667;1;3.3.201;2/1/8;write      ;34.90194;%;C1/0/U105 Umidità
2019-02-22 14:11:25.5066667;1;3.3.202;2/1/0;write      ;446.72;ppm;C1/0/U101 C02
2019-02-22 14:11:59.1700000;1;3.1.201;2/0/3;write      ;34.90194;%;C1/0/M102 Umidità
2019-02-22 14:12:20.2400000;1;3.3.201;2/1/1;write      ;624.96;ppm;C1/0/U105 C02
2019-02-22 14:12:34.2033333;1;3.1.201;2/0/5;write      ;22.72;C°;C1/0/M102 TEMP
2019-02-22 14:13:04.5266667;1;3.3.202;2/1/9;write      ;24.18;C°;C1/0/U101 Temperatura
2019-02-22 14:13:45.9233333;1;3.2.202;2/0/4;write      ;24.42;C°;C1/0/M101 TEMP
2019-02-22 14:14:59.2733333;1;3.3.201;2/1/10;write      ;24.46;C°;C1/0/U105 Temperatura
2019-02-22 14:15:25.8800000;1;3.2.202;2/0/2;write      ;30.98037;%;C1/0/M101 Umidità
2019-02-22 14:16:29.6200000;1;3.3.202;2/1/7;write      ;33.72547;%;C1/0/U101 Umidità
2019-02-22 14:17:26.7800000;1;3.1.201;2/0/1;write      ;576;ppm;C1/0/M102 CO2
2019-02-22 14:17:49.3033333;1;3.1.6;2/2/0;write      ;-26651.94;W;Produzione totale fotovoltaico
2019-02-22 14:19:36.8600000;1;3.2.202;2/0/0;write      ;426.88;ppm;C1/0/M101 CO2
2019-02-22 14:20:24.4566667;1;3.3.201;2/1/8;write      ;35.68625;%;C1/0/U105 Umidità
2019-02-22 14:21:25.9166667;1;3.3.202;2/1/0;write      ;506.88;ppm;C1/0/U101 C02
2019-02-22 14:21:59.6100000;1;3.1.201;2/0/3;write      ;34.90194;%;C1/0/M102 Umidità
2019-02-22 14:21:59.8633333;1;3.3.202;2/1/7;write      ;34.90194;%;C1/0/U101 Umidità
2019-02-22 14:22:20.5866667;1;3.3.201;2/1/1;write      ;667.52;ppm;C1/0/U105 C02
2019-02-22 14:22:34.6600000;1;3.1.201;2/0/5;write      ;22.74;C°;C1/0/M102 TEMP
2019-02-22 14:23:04.8233333;1;3.3.202;2/1/9;write      ;24;C°;C1/0/U101 Temperatura
2019-02-22 14:23:45.8700000;1;3.2.202;2/0/4;write      ;24.32;C°;C1/0/M101 TEMP
2019-02-22 14:24:59.6433333;1;3.3.201;2/1/10;write      ;24.4;C°;C1/0/U105 Temperatura
2019-02-22 14:25:25.8833333;1;3.2.202;2/0/2;write      ;30.98037;%;C1/0/M101 Umidità
2019-02-22 14:27:25.7566667;1;3.1.201;2/0/1;write      ;560;ppm;C1/0/M102 CO2
2019-02-22 14:27:48.3900000;1;3.1.6;2/2/0;write      ;-25898.89;W;Produzione totale fotovoltaico
2019-02-22 14:29:36.8500000;1;3.2.202;2/0/0;write      ;416;ppm;C1/0/M101 CO2
2019-02-22 14:30:24.8833333;1;3.3.201;2/1/8;write      ;36.86272;%;C1/0/U105 Umidità
2019-02-22 14:31:26.2200000;1;3.3.202;2/1/0;write      ;518.72;ppm;C1/0/U101 C02
2019-02-22 14:31:59.8966667;1;3.1.201;2/0/3;write      ;34.90194;%;C1/0/M102 Umidità
2019-02-22 14:32:00.1466667;1;3.3.202;2/1/7;write      ;34.90194;%;C1/0/U101 Umidità
2019-02-22 14:32:20.9300000;1;3.3.201;2/1/1;write      ;706.56;ppm;C1/0/U105 C02
2019-02-22 14:32:34.8433333;1;3.1.201;2/0/5;write      ;22.78;C°;C1/0/M102 TEMP
2019-02-22 14:33:05.2233333;1;3.3.202;2/1/9;write      ;23.92;C°;C1/0/U101 Temperatura
2019-02-22 14:33:18.2300000;5;5.1.201;2/1/0;write      ;474.88;ppm;C3/0/U301 CO2
2019-02-22 14:33:45.8500000;1;3.2.202;2/0/4;write      ;24.28;C°;C1/0/M101 TEMP
2019-02-22 14:33:50.0733333;1;3.1.201;2/0/5;write      ;22.82;C°;C1/0/M102 TEMP
2019-02-22 14:33:58.3233333;5;5.0.15;2/2/40;write      ;-7339.5;W;Produzione totale Fotovoltaico Uffici
2019-02-22 14:35:00.1166667;1;3.3.201;2/1/10;write      ;24.36;C°;C1/0/U105 Temperatura
2019-02-22 14:35:25.9400000;1;3.2.202;2/0/2;write      ;30.98037;%;C1/0/M101 Umidità
2019-02-22 14:36:37.0666667;5;5.1.201;2/1/1;write      ;37.64703;%;C3/0/U301 Rel. humidity
2019-02-22 14:37:12.0400000;5;5.1.201;2/1/2;write      ;23.02;C°;C3/0/U301 Temperature
2019-02-22 14:37:25.9166667;1;3.1.201;2/0/1;write      ;576.96;ppm;C1/0/M102 CO2
2019-02-22 14:37:47.9733333;1;3.1.6;2/2/0;write      ;-22526.19;W;Produzione totale fotovoltaico
2019-02-22 14:38:22.9900000;5;5.1.202;2/1/3;write      ;339.84;ppm;C3/0/U306 CO2 
2019-02-22 14:38:31.8900000;5;5.1.202;2/1/5;write      ;21.48;C°;C3/0/U306 Temperature
2019-02-22 14:39:11.8700000;5;5.1.202;2/1/4;write      ;39.99997;%;C3/0/U306 Rel. humidity
2019-02-22 14:39:36.9966667;1;3.2.202;2/0/0;write      ;418.88;ppm;C1/0/M101 CO2
2019-02-22 14:40:25.1000000;1;3.3.201;2/1/8;write      ;36.86272;%;C1/0/U105 Umidità
2019-02-22 14:40:47.5966667;5;5.0.12;2/2/1;write      ;-9696.069;W;Produzione totale Fotovoltaico Uffici
2019-02-22 14:41:26.3733333;1;3.3.202;2/1/0;write      ;512.96;ppm;C1/0/U101 C02
2019-02-22 14:42:00.0200000;1;3.1.201;2/0/3;write      ;35.68625;%;C1/0/M102 Umidità
2019-02-22 14:42:00.2966667;1;3.3.202;2/1/7;write      ;34.90194;%;C1/0/U101 Umidità
2019-02-22 14:42:21.2300000;1;3.3.201;2/1/1;write      ;731.52;ppm;C1/0/U105 C02
2019-02-22 14:43:05.2633333;1;3.3.202;2/1/9;write      ;24;C°;C1/0/U101 Temperatura
2019-02-22 14:43:18.0666667;5;5.1.201;2/1/0;write      ;460.8;ppm;C3/0/U301 CO2
2019-02-22 14:43:45.8866667;1;3.2.202;2/0/4;write      ;24.28;C°;C1/0/M101 TEMP
2019-02-22 14:43:50.0566667;1;3.1.201;2/0/5;write      ;22.92;C°;C1/0/M102 TEMP
2019-02-22 14:43:57.9000000;5;5.0.15;2/2/40;write      ;-7102.99;W;Produzione totale Fotovoltaico Uffici
2019-02-22 14:49:36.9800000;1;3.2.202;2/0/0;write      ;403.84;ppm;C1/0/M101 CO2
2019-02-22 14:50:25.0966667;1;3.3.201;2/1/8;write      ;36.86272;%;C1/0/U105 Umidità
2019-02-22 14:50:47.1766667;5;5.0.12;2/2/1;write      ;-9303.78;W;Produzione totale Fotovoltaico Palestra
2019-02-22 14:55:00.1451076;1;3.3.201;2/1/10;write      ;24.46;C°;C1/0/U105 Temperatura
2019-02-22 14:55:25.8551290;1;3.2.202;2/0/2;write      ;30.98037;%;C1/0/M101 Umidità
2019-02-22 14:55:32.2945617;5;5.1.202;2/1/5;write      ;21.34;C°;C3/0/U306 Temperature
2019-02-22 14:56:37.1285049;5;5.1.201;2/1/1;write      ;36.86272;%;C3/0/U301 Rel. humidity
2019-02-22 14:57:12.1127030;5;5.1.201;2/1/2;write      ;23;C°;C3/0/U301 Temperature
2019-02-22 14:57:26.2179248;1;3.1.201;2/0/1;write      ;648.96;ppm;C1/0/M102 CO2
2019-02-22 14:57:47.1619579;1;3.1.6;2/2/0;write      ;-19553.49;W;Produzione totale fotovoltaico
2019-02-22 14:58:23.1770936;5;5.1.202;2/1/3;write      ;333.76;ppm;C3/0/U306 CO2 
2019-02-22 14:59:12.0675396;5;5.1.202;2/1/4;write      ;40.78429;%;C3/0/U306 Rel. humidity
2019-02-22 14:59:36.8616273;1;3.2.202;2/0/0;write      ;395.84;ppm;C1/0/M101 CO2
2019-02-22 15:00:25.3536207;1;3.3.201;2/1/8;write      ;36.86272;%;C1/0/U105 Umidità
2019-02-22 15:00:46.7551195;5;5.0.12;2/2/1;write      ;-8887.53;W;Produzione totale Fotovoltaico Palestra
2019-02-22 15:01:26.6024826;1;3.3.202;2/1/0;write      ;576;ppm;C1/0/U101 C02
2019-02-22 15:02:00.4357136;1;3.1.201;2/0/3;write      ;35.68625;%;C1/0/M102 Umidità
2019-02-22 15:02:00.6585072;1;3.3.202;2/1/7;write      ;34.90194;%;C1/0/U101 Umidità
2019-02-22 15:02:21.4799513;1;3.3.201;2/1/1;write      ;711.68;ppm;C1/0/U105 C02
2019-02-22 15:03:05.6349691;1;3.3.202;2/1/9;write      ;24.24;C°;C1/0/U101 Temperatura
2019-02-22 15:03:18.1198209;5;5.1.201;2/1/0;write      ;442.88;ppm;C3/0/U301 CO2
2019-02-22 15:03:45.8881009;1;3.2.202;2/0/4;write      ;24.34;C°;C1/0/M101 TEMP
2019-02-22 15:03:50.4251606;1;3.1.201;2/0/5;write      ;23.14;C°;C1/0/M102 TEMP
2019-02-22 15:03:57.0528748;5;5.0.15;2/2/40;write      ;-6431.49;W;Produzione totale Fotovoltaico Uffici
2019-02-22 15:05:00.4036233;1;3.3.201;2/1/10;write      ;24.54;C°;C1/0/U105 Temperatura
2019-02-22 15:05:25.8761707;1;3.2.202;2/0/2;write      ;29.8039;%;C1/0/M101 Umidità
2019-02-22 15:05:32.0544226;5;5.1.202;2/1/5;write      ;21.3;C°;C3/0/U306 Temperature
2019-02-22 15:06:37.1439521;5;5.1.201;2/1/1;write      ;36.86272;%;C3/0/U301 Rel. humidity
2019-02-22 15:07:12.1845741;5;5.1.201;2/1/2;write      ;22.94;C°;C3/0/U301 Temperature
2019-02-22 15:07:26.4361049;1;3.1.201;2/0/1;write      ;662.4;ppm;C1/0/M102 CO2
2019-02-22 15:07:46.7529770;1;3.1.6;2/2/0;write      ;-18752.9;W;Produzione totale fotovoltaico
2019-02-22 15:08:23.1441279;5;5.1.202;2/1/3;write      ;339.84;ppm;C3/0/U306 CO2 
2019-02-22 15:09:12.0516158;5;5.1.202;2/1/4;write      ;40.78429;%;C3/0/U306 Rel. humidity
2019-02-22 15:09:36.8499233;1;3.2.202;2/0/0;write      ;385.92;ppm;C1/0/M101 CO2
2019-02-22 15:10:25.4707839;1;3.3.201;2/1/8;write      ;35.68625;%;C1/0/U105 Umidità
2019-02-22 15:10:46.3337505;5;5.0.12;2/2/1;write      ;-8445.109;W;Produzione totale Fotovoltaico Palestra
2019-02-22 15:11:26.8300351;1;3.3.202;2/1/0;write      ;568.96;ppm;C1/0/U101 C02
2019-02-22 15:12:00.6885245;1;3.1.201;2/0/3;write      ;34.90194;%;C1/0/M102 Umidità
2019-02-22 15:12:00.8284187;1;3.3.202;2/1/7;write      ;33.72547;%;C1/0/U101 Umidità
2019-02-22 15:12:21.5832810;1;3.3.201;2/1/1;write      ;740.48;ppm;C1/0/U105 C02
2019-02-22 15:13:05.8931937;1;3.3.202;2/1/9;write      ;24.3;C°;C1/0/U101 Temperatura
2019-02-22 15:13:18.3680097;5;5.1.201;2/1/0;write      ;434.88;ppm;C3/0/U301 CO2
2019-02-22 15:13:45.8385137;1;3.2.202;2/0/4;write      ;24.34;C°;C1/0/M101 TEMP
2019-02-22 15:13:50.7498801;1;3.1.201;2/0/5;write      ;23.22;C°;C1/0/M102 TEMP
2019-02-22 15:13:56.6278259;5;5.0.15;2/2/40;write      ;-5970.32;W;Produzione totale Fotovoltaico Uffici
2019-02-22 15:15:00.6801814;1;3.3.201;2/1/10;write      ;24.62;C°;C1/0/U105 Temperatura
2019-02-22 15:15:25.8047039;1;3.2.202;2/0/2;write      ;29.8039;%;C1/0/M101 Umidità
2019-02-22 15:15:32.0960954;5;5.1.202;2/1/5;write      ;21.22;C°;C3/0/U306 Temperature
2019-02-22 15:16:37.2004530;5;5.1.201;2/1/1;write      ;36.86272;%;C3/0/U301 Rel. humidity
2019-02-22 15:17:12.1946783;5;5.1.201;2/1/2;write      ;22.88;C°;C3/0/U301 Temperature
2019-02-22 15:17:26.8491879;1;3.1.201;2/0/1;write      ;684.8;ppm;C1/0/M102 CO2
2019-02-22 15:17:46.4044260;1;3.1.6;2/2/0;write      ;-17269.54;W;Produzione totale fotovoltaico
2019-02-22 15:18:23.0936126;5;5.1.202;2/1/3;write      ;326.88;ppm;C3/0/U306 CO2 
2019-02-22 15:19:12.0751648;5;5.1.202;2/1/4;write      ;40.78429;%;C3/0/U306 Rel. humidity
2019-02-22 15:19:36.8081061;1;3.2.202;2/0/0;write      ;384.96;ppm;C1/0/M101 CO2
2019-02-22 16:03:18.4150042;5;5.1.201;2/1/0;write      ;413.76;ppm;C3/0/U301 CO2
2019-02-22 16:03:45.8399904;1;3.2.202;2/0/4;write      ;24.38;C°;C1/0/M101 TEMP
2019-02-22 16:03:46.5739907;1;3.3.201;2/1/10;write      ;24.86;C°;C1/0/U105 Temperatura
2019-02-22 16:03:54.5260361;5;5.0.15;2/2/40;write      ;-3517.82;W;Produzione totale Fotovoltaico Uffici
2019-02-22 16:05:32.5214909;5;5.1.202;2/1/5;write      ;21.1;C°;C3/0/U306 Temperature
2019-02-22 16:06:22.3040088;1;3.3.202;2/1/9;write      ;24.6;C°;C1/0/U101 Temperatura
2019-02-22 16:06:37.2611395;5;5.1.201;2/1/1;write      ;36.86272;%;C3/0/U301 Rel. humidity
2019-02-22 16:07:12.2448618;5;5.1.201;2/1/2;write      ;22.66;C°;C3/0/U301 Temperature
2019-02-22 16:07:28.5048650;1;3.1.201;2/0/1;write      ;782.72;ppm;C1/0/M102 CO2
2019-02-22 16:07:44.3063287;1;3.1.6;2/2/0;write      ;-7383.36;W;Produzione totale fotovoltaico
2019-02-22 16:08:23.1368683;5;5.0.10;2/2/0;write      ;115760;Wh;Consumo Palestra
2019-02-22 16:08:23.4633747;5;5.1.202;2/1/3;write      ;320;ppm;C3/0/U306 CO2 
2019-02-22 16:08:52.4909104;1;3.1.201;2/0/5;write      ;23.42;C°;C1/0/M102 TEMP
2019-02-22 16:09:12.4869076;5;5.1.202;2/1/4;write      ;40.78429;%;C3/0/U306 Rel. humidity
2019-02-22 16:09:36.8974498;1;3.2.202;2/0/0;write      ;396.8;ppm;C1/0/M101 CO2
2019-02-22 16:10:26.8598074;1;3.3.201;2/1/8;write      ;35.68625;%;C1/0/U105 Umidità
2019-02-22 16:10:43.8146462;5;5.0.12;2/2/1;write      ;-4682.67;W;Produzione totale Fotovoltaico Palestra
2019-02-22 16:11:28.4992813;1;3.3.202;2/1/0;write      ;604.8;ppm;C1/0/U101 C02
2019-02-22 16:11:40.7798716;1;3.2.202;2/0/2;write      ;29.8039;%;C1/0/M101 Umidità
2019-02-22 16:12:02.4044050;1;3.3.202;2/1/7;write      ;33.72547;%;C1/0/U101 Umidità
2019-02-22 16:12:02.6469635;1;3.1.201;2/0/3;write      ;35.68625;%;C1/0/M102 Umidità
2019-02-22 16:12:23.0188660;1;3.3.201;2/1/1;write      ;797.44;ppm;C1/0/U105 C02
2019-02-22 16:13:18.2306930;5;5.1.201;2/1/0;write      ;408;ppm;C3/0/U301 CO2
2019-02-22 16:13:45.8365629;1;3.2.202;2/0/4;write      ;24.46;C°;C1/0/M101 TEMP
2019-02-22 16:13:46.9652900;1;3.3.201;2/1/10;write      ;24.9;C°;C1/0/U105 Temperatura
2019-02-22 16:13:54.1017110;5;5.0.15;2/2/40;write      ;-3120.3;W;Produzione totale Fotovoltaico Uffici
2019-02-22 16:15:32.4803667;5;5.1.202;2/1/5;write      ;21.3;C°;C3/0/U306 Temperature
2019-02-22 16:16:22.5427320;1;3.3.202;2/1/9;write      ;24.64;C°;C1/0/U101 Temperatura
2019-02-22 16:16:37.1813263;5;5.1.201;2/1/1;write      ;36.86272;%;C3/0/U301 Rel. humidity
2019-02-22 16:17:12.1926990;5;5.1.201;2/1/2;write      ;22.84;C°;C3/0/U301 Temperature
2019-02-22 16:17:28.7909964;1;3.1.201;2/0/1;write      ;800;ppm;C1/0/M102 CO2
2019-02-22 16:17:43.8970887;1;3.1.6;2/2/0;write      ;-6984.39;W;Produzione totale fotovoltaico
2019-02-22 16:18:22.7113699;5;5.0.10;2/2/0;write      ;115770;Wh;Consumo Palestra
2019-02-22 16:18:23.4601064;5;5.1.202;2/1/3;write      ;316.96;ppm;C3/0/U306 CO2 
2019-02-22 16:18:52.8774864;1;3.1.201;2/0/5;write      ;23.28;C°;C1/0/M102 TEMP
2019-02-22 16:19:12.4414664;5;5.1.202;2/1/4;write      ;39.99997;%;C3/0/U306 Rel. humidity
2019-02-22 16:19:37.0328017;1;3.2.202;2/0/0;write      ;444.8;ppm;C1/0/M101 CO2
2019-02-22 16:20:27.0961665;1;3.3.201;2/1/8;write      ;35.68625;%;C1/0/U105 Umidità
2019-02-22 16:20:43.3939823;5;5.0.12;2/2/1;write      ;-3493.17;W;Produzione totale Fotovoltaico Palestra
2019-02-22 16:21:28.8583051;1;3.3.202;2/1/0;write      ;603.84;ppm;C1/0/U101 C02
2019-02-22 16:21:40.9318988;1;3.2.202;2/0/2;write      ;29.8039;%;C1/0/M101 Umidità
2019-02-22 16:22:02.7492979;1;3.3.202;2/1/7;write      ;33.72547;%;C1/0/U101 Umidità
2019-02-22 16:22:03.0032641;1;3.1.201;2/0/3;write      ;35.68625;%;C1/0/M102 Umidità
2019-02-22 16:22:23.0994492;1;3.3.201;2/1/1;write      ;775.68;ppm;C1/0/U105 C02
2019-02-22 16:23:18.2344729;5;5.1.201;2/1/0;write      ;402.88;ppm;C3/0/U301 CO2
2019-02-22 16:23:45.9208047;1;3.2.202;2/0/4;write      ;24.52;C°;C1/0/M101 TEMP
2019-02-22 16:23:47.1676698;1;3.3.201;2/1/10;write      ;24.9;C°;C1/0/U105 Temperatura
2019-02-22 16:23:53.6769440;5;5.0.15;2/2/40;write      ;-1734.17;W;Produzione totale Fotovoltaico Uffici
2019-02-22 16:26:23.0065220;1;3.3.202;2/1/9;write      ;24.68;C°;C1/0/U101 Temperatura
2019-02-22 16:26:37.2285443;5;5.1.201;2/1/1;write      ;36.86272;%;C3/0/U301 Rel. humidity
2019-02-22 16:27:12.1883255;5;5.1.201;2/1/2;write      ;22.96;C°;C3/0/U301 Temperature
2019-02-22 16:27:29.1484388;1;3.1.201;2/0/1;write      ;771.84;ppm;C1/0/M102 CO2
2019-02-22 16:27:43.4865179;1;3.1.6;2/2/0;write      ;-5468.74;W;Produzione totale fotovoltaico
2019-02-22 16:28:22.2826850;5;5.0.10;2/2/0;write      ;115770;Wh;Consumo Palestra
2019-02-22 16:28:23.4413531;5;5.1.202;2/1/3;write      ;312.96;ppm;C3/0/U306 CO2 
2019-02-22 16:28:33.1204500;1;3.3.202;2/1/7;write      ;32.94115;%;C1/0/U101 Umidità
2019-02-22 16:28:53.1735732;1;3.1.201;2/0/5;write      ;23.2;C°;C1/0/M102 TEMP
2019-02-22 16:29:12.4079658;5;5.1.202;2/1/4;write      ;39.99997;%;C3/0/U306 Rel. humidity
2019-02-22 16:29:36.8919952;1;3.2.202;2/0/0;write      ;489.92;ppm;C1/0/M101 CO2
2019-02-22 16:30:27.3376069;1;3.3.201;2/1/8;write      ;35.68625;%;C1/0/U105 Umidità
2019-02-22 16:30:42.9701388;5;5.0.12;2/2/1;write      ;-956.86;W;Produzione totale Fotovoltaico Palestra
2019-02-22 16:31:29.1995113;1;3.3.202;2/1/0;write      ;555.84;ppm;C1/0/U101 C02
2019-02-22 16:31:40.9320329;1;3.2.202;2/0/2;write      ;29.8039;%;C1/0/M101 Umidità
2019-02-22 16:32:03.1964716;1;3.1.201;2/0/3;write      ;35.68625;%;C1/0/M102 Umidità
2019-02-22 16:32:23.5981327;1;3.3.201;2/1/1;write      ;768;ppm;C1/0/U105 C02
2019-02-22 16:33:18.3076445;5;5.1.201;2/1/0;write      ;397.76;ppm;C3/0/U301 CO2
2019-02-22 16:33:45.9159403;1;3.2.202;2/0/4;write      ;24.6;C°;C1/0/M101 TEMP
2019-02-22 16:33:47.5772936;1;3.3.201;2/1/10;write      ;24.92;C°;C1/0/U105 Temperatura
2019-02-22 16:33:53.2530982;5;5.0.15;2/2/40;write      ;-501.37;W;Produzione totale Fotovoltaico Uffici
2019-02-22 16:35:32.3991427;5;5.1.202;2/1/5;write      ;21.78;C°;C3/0/U306 Temperature
2019-02-22 16:36:23.2862811;1;3.3.202;2/1/9;write      ;24.66;C°;C1/0/U101 Temperatura
2019-02-22 16:36:37.1682759;5;5.1.201;2/1/1;write      ;36.86272;%;C3/0/U301 Rel. humidity
2019-02-22 16:37:12.1359278;5;5.1.201;2/1/2;write      ;23.04;C°;C3/0/U301 Temperature
2019-02-22 16:37:29.4927411;1;3.1.201;2/0/1;write      ;741.76;ppm;C1/0/M102 CO2
2019-02-22 16:37:43.0725485;1;3.1.6;2/2/0;write      ;-4680.41;W;Produzione totale fotovoltaico
2019-02-22 16:38:21.8549028;5;5.0.10;2/2/0;write      ;115770;Wh;Consumo Palestra
2019-02-22 16:38:23.5019413;5;5.1.202;2/1/3;write      ;308.96;ppm;C3/0/U306 CO2 
2019-02-22 16:38:33.3882929;1;3.3.202;2/1/7;write      ;32.94115;%;C1/0/U101 Umidità
2019-02-22 16:38:53.4540856;1;3.1.201;2/0/5;write      ;23.28;C°;C1/0/M102 TEMP
2019-02-22 16:39:12.3871028;5;5.1.202;2/1/4;write      ;39.99997;%;C3/0/U306 Rel. humidity
2019-02-22 16:39:32.6185900;5;5.1.202;2/1/5;write      ;21.84;C°;C3/0/U306 Temperature
2019-02-22 16:39:37.0036235;1;3.2.202;2/0/0;write      ;497.92;ppm;C1/0/M101 CO2
2019-02-22 16:40:27.7139865;1;3.3.201;2/1/8;write      ;34.90194;%;C1/0/U105 Umidità
2019-02-22 16:40:42.5473135;5;5.0.12;2/2/1;write      ;-671.61;W;Produzione totale Fotovoltaico Palestra
2019-02-22 16:41:29.4220534;1;3.3.202;2/1/0;write      ;518.72;ppm;C1/0/U101 C02
2019-02-22 16:41:41.0408748;1;3.2.202;2/0/2;write      ;29.8039;%;C1/0/M101 Umidità
2019-02-22 16:42:03.5858504;1;3.1.201;2/0/3;write      ;35.68625;%;C1/0/M102 Umidità
2019-02-22 16:42:23.7972805;1;3.3.201;2/1/1;write      ;748.8;ppm;C1/0/U105 C02
2019-02-22 16:42:42.4212950;5;5.1.202;2/1/4;write      ;37.64703;%;C3/0/U306 Rel. humidity
2019-02-22 16:43:12.4543274;5;5.1.202;2/1/4;write      ;39.99997;%;C3/0/U306 Rel. humidity
2019-02-22 16:43:18.2668404;5;5.1.201;2/1/0;write      ;397.76;ppm;C3/0/U301 CO2
2019-02-22 16:43:42.4099966;5;5.1.202;2/1/4;write      ;37.64703;%;C3/0/U306 Rel. humidity
2019-02-22 16:43:45.9967791;1;3.2.202;2/0/4;write      ;24.68;C°;C1/0/M101 TEMP
2019-02-22 16:43:47.7196129;1;3.3.201;2/1/10;write      ;24.94;C°;C1/0/U105 Temperatura
2019-02-22 16:43:52.8297761;5;5.0.15;2/2/40;write      ;-431.35;W;Produzione totale Fotovoltaico Uffici
2019-02-22 16:46:23.5946916;1;3.3.202;2/1/9;write      ;24.68;C°;C1/0/U101 Temperatura
2019-02-22 16:46:37.1132250;5;5.1.201;2/1/1;write      ;36.86272;%;C3/0/U301 Rel. humidity
2019-02-22 16:46:42.3840495;5;5.1.202;2/1/4;write      ;39.99997;%;C3/0/U306 Rel. humidity
2019-02-22 16:47:12.1333305;5;5.1.201;2/1/2;write      ;22.96;C°;C3/0/U301 Temperature
2019-02-22 16:47:12.4187515;5;5.1.202;2/1/4;write      ;37.64703;%;C3/0/U306 Rel. humidity
2019-02-22 16:47:18.7705839;1;3.1.201;2/0/3;write      ;37.64703;%;C1/0/M102 Umidità
2019-02-22 16:47:29.6776705;1;3.1.201;2/0/1;write      ;633.92;ppm;C1/0/M102 CO2
2019-02-22 16:47:42.6634641;1;3.1.6;2/2/0;write      ;-4262.69;W;Produzione totale fotovoltaico
2019-02-22 16:47:44.8490478;1;3.3.202;2/1/0;write      ;377.92;ppm;C1/0/U101 C02
2019-02-22 16:48:12.3991341;5;5.1.202;2/1/4;write      ;39.99997;%;C3/0/U306 Rel. humidity
2019-02-22 16:48:21.4303105;5;5.0.10;2/2/0;write      ;115770;Wh;Consumo Palestra
2019-02-22 16:48:23.3145517;5;5.1.202;2/1/3;write      ;305.92;ppm;C3/0/U306 CO2 
2019-02-22 16:48:33.7823782;1;3.3.202;2/1/7;write      ;32.94115;%;C1/0/U101 Umidità
2019-02-22 16:48:53.8010686;1;3.1.201;2/0/5;write      ;23.28;C°;C1/0/M102 TEMP
2019-02-22 16:48:57.3912061;5;5.1.202;2/1/4;write      ;37.64703;%;C3/0/U306 Rel. humidity
2019-02-22 16:49:12.4202742;5;5.1.202;2/1/4;write      ;39.99997;%;C3/0/U306 Rel. humidity
2019-02-22 16:49:27.3966250;5;5.1.202;2/1/4;write      ;37.64703;%;C3/0/U306 Rel. humidity
2019-02-22 16:49:32.3339347;5;5.1.202;2/1/5;write      ;21.88;C°;C3/0/U306 Temperature
2019-02-22 16:49:36.9880340;1;3.2.202;2/0/0;write      ;496;ppm;C1/0/M101 CO2
2019-02-22 16:49:42.3746928;5;5.1.202;2/1/4;write      ;39.99997;%;C3/0/U306 Rel. humidity
2019-02-22 16:49:57.3989217;5;5.1.202;2/1/4;write      ;37.64703;%;C3/0/U306 Rel. humidity
2019-02-22 16:50:12.4028842;5;5.1.202;2/1/4;write      ;39.99997;%;C3/0/U306 Rel. humidity
2019-02-22 16:50:27.8267746;1;3.3.201;2/1/8;write      ;35.68625;%;C1/0/U105 Umidità
2019-02-22 16:50:42.1305120;5;5.0.12;2/2/1;write      ;-576.79;W;Produzione totale Fotovoltaico Palestra
2019-02-22 16:51:41.0276421;1;3.2.202;2/0/2;write      ;29.8039;%;C1/0/M101 Umidità
2019-02-22 16:52:23.8414727;1;3.3.201;2/1/1;write      ;651.84;ppm;C1/0/U105 C02
2019-02-22 16:53:18.2111999;5;5.1.201;2/1/0;write      ;387.84;ppm;C3/0/U301 CO2
2019-02-22 16:53:46.0047031;1;3.2.202;2/0/4;write      ;24.68;C°;C1/0/M101 TEMP
2019-02-22 16:53:47.8569395;1;3.3.201;2/1/10;write      ;24.96;C°;C1/0/U105 Temperatura
2019-02-22 16:53:52.4130853;5;5.0.15;2/2/40;write      ;-379.07;W;Produzione totale Fotovoltaico Uffici
2019-02-22 16:56:23.8719168;1;3.3.202;2/1/9;write      ;24.68;C°;C1/0/U101 Temperatura
2019-02-22 16:56:37.1121576;5;5.1.201;2/1/1;write      ;36.86272;%;C3/0/U301 Rel. humidity
2019-02-22 16:57:12.1226609;5;5.1.201;2/1/2;write      ;22.82;C°;C3/0/U301 Temperature
2019-02-22 16:57:19.0338113;1;3.1.201;2/0/3;write      ;37.64703;%;C1/0/M102 Umidità
2019-02-22 16:57:30.0344688;1;3.1.201;2/0/1;write      ;525.76;ppm;C1/0/M102 CO2
2019-02-22 16:57:42.2643580;1;3.1.6;2/2/0;write      ;-3813.11;W;Produzione totale fotovoltaico
2019-02-22 16:57:44.9189569;1;3.3.202;2/1/0;write      ;346.88;ppm;C1/0/U101 C02
2019-02-22 16:58:21.0111967;5;5.0.10;2/2/0;write      ;115770;Wh;Consumo Palestra
2019-02-22 16:58:23.2950545;5;5.1.202;2/1/3;write      ;309.92;ppm;C3/0/U306 CO2 
2019-02-22 16:58:33.9470676;1;3.3.202;2/1/7;write      ;32.94115;%;C1/0/U101 Umidità
2019-02-22 16:58:54.1974640;1;3.1.201;2/0/5;write      ;23.24;C°;C1/0/M102 TEMP
2019-02-22 16:59:32.2885515;5;5.1.202;2/1/5;write      ;21.66;C°;C3/0/U306 Temperature
2019-02-22 16:59:37.1486811;1;3.2.202;2/0/0;write      ;510.72;ppm;C1/0/M101 CO2
2019-02-22 17:00:12.2407471;5;5.1.202;2/1/4;write      ;39.99997;%;C3/0/U306 Rel. humidity
2019-02-22 17:00:28.1569577;1;3.3.201;2/1/8;write      ;35.68625;%;C1/0/U105 Umidità
2019-02-22 17:00:41.7754713;5;5.0.12;2/2/1;write      ;-536.35;W;Produzione totale Fotovoltaico Palestra
2019-02-22 17:01:41.0452688;1;3.2.202;2/0/2;write      ;29.8039;%;C1/0/M101 Umidità
2019-02-22 17:02:01.2586472;1;3.2.202;2/0/4;write      ;24.72;C°;C1/0/M101 TEMP
2019-02-22 17:02:24.2054375;1;3.3.201;2/1/1;write      ;651.84;ppm;C1/0/U105 C02
2019-02-22 17:03:18.1276555;5;5.1.201;2/1/0;write      ;387.84;ppm;C3/0/U301 CO2
2019-02-22 17:03:48.1867430;1;3.3.201;2/1/10;write      ;24.98;C°;C1/0/U105 Temperatura
2019-02-22 17:03:51.9958503;5;5.0.15;2/2/40;write      ;-344.03;W;Produzione totale Fotovoltaico Uffici
2019-02-22 17:06:24.1728504;1;3.3.202;2/1/9;write      ;24.66;C°;C1/0/U101 Temperatura
2019-02-22 17:06:37.1135139;5;5.1.201;2/1/1;write      ;36.86272;%;C3/0/U301 Rel. humidity
2019-02-22 17:07:12.0991910;5;5.1.201;2/1/2;write      ;22.68;C°;C3/0/U301 Temperature
2019-02-22 17:07:19.4702902;1;3.1.201;2/0/3;write      ;37.64703;%;C1/0/M102 Umidità
2019-02-22 17:07:30.4295549;1;3.1.201;2/0/1;write      ;510.72;ppm;C1/0/M102 CO2
2019-02-22 17:07:41.9495663;1;3.1.6;2/2/0;write      ;-3258.05;W;Produzione totale fotovoltaico
2019-02-22 17:07:45.2589487;1;3.3.202;2/1/0;write      ;322.88;ppm;C1/0/U101 C02
2019-02-22 17:08:20.5879197;5;5.0.10;2/2/0;write      ;115770;Wh;Consumo Palestra
2019-02-22 17:08:23.3946937;5;5.1.202;2/1/3;write      ;304;ppm;C3/0/U306 CO2 
2019-02-22 17:08:34.2949634;1;3.3.202;2/1/7;write      ;32.94115;%;C1/0/U101 Umidità
2019-02-22 17:08:54.4538061;1;3.1.201;2/0/5;write      ;23.26;C°;C1/0/M102 TEMP
2019-02-22 17:09:38.9123655;5;5.1.202;2/1/5;write      ;21.48;C°;C3/0/U306 Temperature
2019-02-22 17:10:12.2969508;5;5.1.202;2/1/4;write      ;39.99997;%;C3/0/U306 Rel. humidity
2019-02-22 17:10:28.3672826;1;3.3.201;2/1/8;write      ;35.68625;%;C1/0/U105 Umidità
2019-02-22 17:10:41.2959039;5;5.0.12;2/2/1;write      ;-430.27;W;Produzione totale Fotovoltaico Palestra
2019-02-22 17:11:41.0533606;1;3.2.202;2/0/2;write      ;29.8039;%;C1/0/M101 Umidità
2019-02-22 17:12:01.0555029;1;3.2.202;2/0/4;write      ;24.74;C°;C1/0/M101 TEMP
2019-02-22 17:12:24.3784895;1;3.3.201;2/1/1;write      ;649.92;ppm;C1/0/U105 C02
2019-02-22 17:13:18.2081399;5;5.1.201;2/1/0;write      ;379.84;ppm;C3/0/U301 CO2
2019-02-22 17:13:48.4207044;1;3.3.201;2/1/10;write      ;24.98;C°;C1/0/U105 Temperatura
2019-02-22 17:13:51.5728934;5;5.0.15;2/2/40;write      ;-264.06;W;Produzione totale Fotovoltaico Uffici
2019-02-22 17:15:00.8716205;1;3.1.201;2/0/1;write      ;480;ppm;C1/0/M102 CO2
2019-02-22 17:16:24.4571755;1;3.3.202;2/1/9;write      ;24.64;C°;C1/0/U101 Temperatura
2019-02-22 17:16:37.1231721;5;5.1.201;2/1/1;write      ;36.86272;%;C3/0/U301 Rel. humidity
2019-02-22 17:16:47.5624103;5;5.1.202;2/1/5;write      ;21.34;C°;C3/0/U306 Temperature
2019-02-22 17:17:12.0463842;5;5.1.201;2/1/2;write      ;22.58;C°;C3/0/U301 Temperature
2019-02-22 17:17:19.8874451;1;3.1.201;2/0/3;write      ;37.64703;%;C1/0/M102 Umidità
2019-02-22 17:17:41.4500114;1;3.1.6;2/2/0;write      ;-2249.86;W;Produzione totale fotovoltaico
2019-02-22 17:17:45.4960510;1;3.3.202;2/1/0;write      ;313.92;ppm;C1/0/U101 C02
2019-02-22 17:18:20.1627179;5;5.0.10;2/2/0;write      ;115770;Wh;Consumo Palestra
2019-02-22 17:18:23.3273068;5;5.1.202;2/1/3;write      ;302.88;ppm;C3/0/U306 CO2 
2019-02-22 17:18:34.5197091;1;3.3.202;2/1/7;write      ;32.94115;%;C1/0/U101 Umidità
2019-02-22 17:18:54.9075097;1;3.1.201;2/0/5;write      ;23.26;C°;C1/0/M102 TEMP
2019-02-22 17:19:37.0114600;1;3.2.202;2/0/0;write      ;504.96;ppm;C1/0/M101 CO2
2019-02-22 17:20:12.3531362;5;5.1.202;2/1/4;write      ;39.99997;%;C3/0/U306 Rel. humidity
2019-02-22 17:20:28.5212812;1;3.3.201;2/1/8;write      ;35.68625;%;C1/0/U105 Umidità
2019-02-22 17:20:40.8748883;5;5.0.12;2/2/1;write      ;-355.76;W;Produzione totale Fotovoltaico Palestra
2019-02-22 17:21:41.0481304;1;3.2.202;2/0/2;write      ;29.8039;%;C1/0/M101 Umidità
2019-02-22 17:22:01.0037068;1;3.2.202;2/0/4;write      ;24.78;C°;C1/0/M101 TEMP
2019-02-22 17:22:05.1005113;1;3.1.201;2/0/3;write      ;39.99997;%;C1/0/M102 Umidità
2019-02-22 17:22:20.1526765;1;3.1.201;2/0/3;write      ;37.64703;%;C1/0/M102 Umidità
2019-02-22 17:22:24.5180683;1;3.3.201;2/1/1;write      ;632.96;ppm;C1/0/U105 C02
2019-02-22 17:23:18.0009124;5;5.1.201;2/1/0;write      ;378.88;ppm;C3/0/U301 CO2
2019-02-22 17:23:48.5580319;1;3.3.201;2/1/10;write      ;24.98;C°;C1/0/U105 Temperatura
2019-02-22 17:23:51.1501774;5;5.0.15;2/2/40;write      ;-209.89;W;Produzione totale Fotovoltaico Uffici
2019-02-22 17:25:01.2588027;1;3.1.201;2/0/1;write      ;458.88;ppm;C1/0/M102 CO2
2019-02-22 17:26:24.6708362;1;3.3.202;2/1/9;write      ;24.7;C°;C1/0/U101 Temperatura
2019-02-22 17:26:37.0481893;5;5.1.201;2/1/1;write      ;36.86272;%;C3/0/U301 Rel. humidity
2019-02-22 17:26:47.3486498;5;5.1.202;2/1/5;write      ;21.22;C°;C3/0/U306 Temperature
2019-02-22 17:27:12.0773759;5;5.1.201;2/1/2;write      ;22.5;C°;C3/0/U301 Temperature
2019-02-22 17:27:41.0415498;1;3.1.6;2/2/0;write      ;-1121.24;W;Produzione totale fotovoltaico
2019-02-22 17:27:45.6609566;1;3.3.202;2/1/0;write      ;322.88;ppm;C1/0/U101 C02
2019-02-22 17:28:19.7355033;5;5.0.10;2/2/0;write      ;115770;Wh;Consumo Palestra
2019-02-22 17:28:23.4780829;5;5.1.202;2/1/3;write      ;300.96;ppm;C3/0/U306 CO2 
2019-02-22 17:28:34.6463408;1;3.3.202;2/1/7;write      ;32.94115;%;C1/0/U101 Umidità
2019-02-22 17:28:55.3132084;1;3.1.201;2/0/5;write      ;23.26;C°;C1/0/M102 TEMP
2019-02-22 17:29:36.9899380;1;3.2.202;2/0/0;write      ;517.76;ppm;C1/0/M101 CO2
2019-02-22 17:30:12.3539391;5;5.1.202;2/1/4;write      ;39.99997;%;C3/0/U306 Rel. humidity
2019-02-22 17:30:28.6146850;1;3.3.201;2/1/8;write      ;35.68625;%;C1/0/U105 Umidità
2019-02-22 17:30:40.4534716;5;5.0.12;2/2/1;write      ;-266.63;W;Produzione totale Fotovoltaico Palestra
2019-02-22 17:31:27.2829924;5;5.1.201;2/1/2;write      ;22.46;C°;C3/0/U301 Temperature
2019-02-22 17:31:40.9652299;1;3.2.202;2/0/2;write      ;29.8039;%;C1/0/M101 Umidità
2019-02-22 17:32:00.9927678;1;3.2.202;2/0/4;write      ;24.8;C°;C1/0/M101 TEMP
2019-02-22 17:32:20.3643151;1;3.1.201;2/0/3;write      ;37.64703;%;C1/0/M102 Umidità
2019-02-22 17:32:24.6410266;1;3.3.201;2/1/1;write      ;652.8;ppm;C1/0/U105 C02
2019-02-22 17:33:18.0189170;5;5.1.201;2/1/0;write      ;390.72;ppm;C3/0/U301 CO2
2019-02-22 17:33:48.6646134;1;3.3.201;2/1/10;write      ;25;C°;C1/0/U105 Temperatura
2019-02-22 17:33:50.7266292;5;5.0.15;2/2/40;write      ;-143.91;W;Produzione totale Fotovoltaico Uffici
2019-02-22 17:35:01.4710351;1;3.1.201;2/0/1;write      ;450.88;ppm;C1/0/M102 CO2
2019-02-22 17:36:24.7804751;1;3.3.202;2/1/9;write      ;24.74;C°;C1/0/U101 Temperatura
2019-02-22 17:36:36.9843631;5;5.1.201;2/1/1;write      ;36.86272;%;C3/0/U301 Rel. humidity
2019-02-22 17:36:47.3777495;5;5.1.202;2/1/5;write      ;21.1;C°;C3/0/U306 Temperature
2019-02-22 17:37:40.6294157;1;3.1.6;2/2/0;write      ;-540.65;W;Produzione totale fotovoltaico
2019-02-22 17:37:45.8885049;1;3.3.202;2/1/0;write      ;328.96;ppm;C1/0/U101 C02
2019-02-22 17:38:19.3086400;5;5.0.10;2/2/0;write      ;115770;Wh;Consumo Palestra
2019-02-22 17:38:23.4545814;5;5.1.202;2/1/3;write      ;298.88;ppm;C3/0/U306 CO2 
2019-02-22 17:38:34.7591913;1;3.3.202;2/1/7;write      ;32.94115;%;C1/0/U101 Umidità
2019-02-22 17:38:55.4274707;1;3.1.201;2/0/5;write      ;23.26;C°;C1/0/M102 TEMP
2019-02-22 17:39:36.9311092;1;3.2.202;2/0/0;write      ;469.76;ppm;C1/0/M101 CO2
2019-02-22 17:40:12.3630006;5;5.1.202;2/1/4;write      ;39.99997;%;C3/0/U306 Rel. humidity
2019-02-22 17:40:28.7455881;1;3.3.201;2/1/8;write      ;35.68625;%;C1/0/U105 Umidità
2019-02-22 17:40:40.0316864;5;5.0.12;2/2/1;write      ;-158.55;W;Produzione totale Fotovoltaico Palestra
2019-02-22 17:41:05.4662591;1;3.1.201;2/0/3;write      ;35.68625;%;C1/0/M102 Umidità
2019-02-22 17:41:27.0600984;5;5.1.201;2/1/2;write      ;22.42;C°;C3/0/U301 Temperature
2019-02-22 17:41:40.9132137;1;3.2.202;2/0/2;write      ;29.8039;%;C1/0/M101 Umidità
2019-02-22 17:42:00.9264889;1;3.2.202;2/0/4;write      ;24.72;C°;C1/0/M101 TEMP
2019-02-22 17:42:24.8943857;1;3.3.201;2/1/1;write      ;651.84;ppm;C1/0/U105 C02
2019-02-22 17:43:18.0342090;5;5.1.201;2/1/0;write      ;380.8;ppm;C3/0/U301 CO2
2019-02-22 17:43:48.7734750;1;3.3.201;2/1/10;write      ;25.04;C°;C1/0/U105 Temperatura
2019-02-22 17:43:50.3027440;5;5.0.15;2/2/40;write      ;-77.17;W;Produzione totale Fotovoltaico Uffici
2019-02-22 17:45:01.4680920;1;3.1.201;2/0/1;write      ;462.72;ppm;C1/0/M102 CO2
2019-02-22 17:46:24.9048145;1;3.3.202;2/1/9;write      ;24.76;C°;C1/0/U101 Temperatura
2019-02-22 17:46:37.0062235;5;5.1.201;2/1/1;write      ;36.86272;%;C3/0/U301 Rel. humidity
2019-02-22 17:46:47.3632931;5;5.1.202;2/1/5;write      ;21;C°;C3/0/U306 Temperature
2019-02-22 17:47:20.5239141;1;3.1.201;2/0/3;write      ;37.64703;%;C1/0/M102 Umidità
2019-02-22 17:47:40.2166071;1;3.1.6;2/2/0;write      ;-246.21;W;Produzione totale fotovoltaico